DATE,TAN,Nitrite,ALK,pH,Salinity,DOmin,Tempmin,Tempmax,Feed,Solids,Settling Tank,Water Level,Foam Color,Foam Level,Water Color,Comments
44531,0.112,0.33,180,8.17,32.77,6.4,26.8,-,220 g per ration,6.5 (F),No,29,Clear Brown,1,Clear Brown,
44532,0.112,0.165,190,8.17,32.85,6.4,26.8,-,220 g per ration,7 (F),No,29,Clear Brown,1,Clear Brown,
44562,0.056,0.165,200,8.23,32.59,6.1,27.1,-,400 g per ration,4.5,No,32,Clear brown,1,Clear brown,
44563,0.056,0.33,200,8.24,32.61,6,27.2,-,420 g per ration,4.5,No,32,Clear brown,1,Clear brown,
44564,0.112,0.165,200,8.26,32.25,6.2,27.4,-,420 g per ration,5,No,32,Clear brown,1,Clear brown,"Added 2"" of water from reservoir"
44565,0.112,0.33,195,8.28,32.43,6.2,26.9,-,420 g per ration,4.5,Yes,34,Clear brown,1,Clear brown,
44566,0.28,0.33,190,8.21,31.91,6.3,26.9,,420 g per ration,4,yes,34,clear brown,1,clear brown,
44567,0.056,0.33,200,8.24,32.22,6.3,27,-,420 g per ration,4.5,Yes,33.5,Clear brown,1,Clear brown,
44568,0.056,0.165,190,8.28,31.88,6.3,26.6,,440 g per ration,4,yes,36,clear brown,1,clear brown,
44569,0.112,0.33,200,8.3,31.55,6.2,26.6,,400 g per ration,4,no,36,clear brown,1,clear brown,
44570,0.056,0.165,200,8.33,32.4,6.3,26.7,,400 g per ration,3.5,no,36,clear brown,1,clear brown,
44571,0.056,0.165,170,8.22,31.99,6.2,27,-,380 g per ration,4.5,No,36,Clear brown,1,Clear brown,
44572,0.112,0.33,190,8.31,32.45,6.2,27,,380 g per ration,3,no,36,clear brown,1,clear brown,
44573,0.112,0.165,210,8.36,32.31,6.3,26.6,-,380 g per ration,3.5,No,36,Clear brown,1,Clear brown,
44575,0.056,0.165,190,8.34,31.7,6.5,26,-,380 g per ration,3.5,No,36,Clear brown,1,Clear brown,
44576,0.112,0.165,220,8.35,32.29,6.4,25.6,-,380 g per ration,3.5,No,36,Clear brown,1,Clear brown,
44577,0.112,0.165,200,8.4,31.85,6.4,25.6,-,380 g per ration,4,No,37,Clear brown,1,Clear brown,"Added 1"" of water from reservoir"
44578,0.056,0.165,180,8.38,31.9,6.4,25.4,-,380 g per ration,4,No,37,Clear brown,1,Clear brown,
44579,0.056,0.165,210,8.43,32.09,6.5,24.6,-,380 g per ration,3.5,No,37,Clear brown,1,Clear brown,
44580,0.056,0.165,200,8.39,31.7,6.6,24.6,-,380 g per ration,3,No,37,Clear brown,1,Clear brown,
44581,0.056,0.165,220,8.56,32.03,6.6,24.6,-,200 g per ration,4,No,36,Light Brown,1,Clear brown,
44582,0.056,0.165,220,8.34,31.77,6.7,24.7,-,220 g per ration,4,No,36,Light Brown,1,Clear brown,
44583,0.056,0.165,180,8.38,32.04,6.6,24.9,-,220 g per ration,3.5,No,36,Light Brown,1,Clear brown,
44584,0.056,0.165,190,8.53,32.11,6.5,25,-,240 g per ration,4,No,36,Light Brown,1,Clear brown,
44585,0.056,0.165,220,8.44,32.11,6.5,24.8,-,240 g per ration,4.5,No,36,Light Brown,1,Clear brown,
44586,0.112,0.165,200,8.45,32.14,6.6,24.8,-,250 g per ration,4,no,36,light Brown,1,clear brown,
44587,0.112,0.165,180,8.53,32.14,6.6,24.9,-,250 g per ration,4.5,Yes,35.5,Light Brown,1,Clear brown,
44588,0.056,0.165,190,8.57,31.98,6.5,24.9,-,250 g per ration,4.5,Yes,34.5,Light Brown,1,Clear brown,
44589,0.112,0.165,200,8.6,31.92,6.5,25.1,-,220 g per ration,4,Yes,34,Light Brown,1,Clear brown,
44590,0.112,0.33,180,8.64,32.13,6.6,25,-,220 g per ration,4,Yes,34,Light Brown,1,Clear brown,
44592,0.056,0.165,160,8.63,32.06,6.6,24.6,-,220 g per ration,4,No,34,Light Brown,1,Clear Brown,
44593,0.056,0.165,160,8.71,31.8,6.7,24.7,-,220 g per ration,4,No,34,Clear Brown,1,Clear Brown,
44594,0.056,0.33,190,8.94,31.76,6.6,24.7,-,220 g per ration,4,No,34,Clear Brown,1,Clear Brown,
44595,0.056,0.33,200,8.87,32.03,6.6,24.9,-,240 g per ration,4,No,34,Clear Brown,1,Clear Brown,
44596,0.112,0.165,200,8.86,31.83,6.5,25.1,-,250 g per ration,4,Yes,32,Clear Brown,1,Clear Brown,
44597,0.112,0.33,180,8.8,32.11,6.4,25.2,,250 G per ration,4,YES,35,Clear Brown,1,Clear Brown,
44598,0.056,0.165,210,8.99,31.58,6.6,25.2,,250 g per ration,4,yes,35,clear Brown,1,clear Brown,"2"" water exchanged"
44599,0.056,0.165,200,8.99,32.05,6.4,25.2,,250 g per ration,3.5,yes,37,clear Brown,1,clear Brown,
44600,0.056,0.165,200,9.13,31.62,6.6,25.2,,250 g per ration,3.5,yes,37,clear Brown,1,clear Brown,
44601,0.056,0.165,200,8.59,31.88,6.5,24.9,,250 g per ration,2,yes,37,clear Brown,1,clear Brown,
44609,0.056,0.165,190,8.79,30.93,6.5,25.2,25.4,150 g per ration,-,No,18.5,N/A,N/A,Clear Brown,
44610,0.056,0.165,200,8.7,31.18,6.4,25.4,25.9,240 g per ration,3.5,No,18.5,Clear Brown,1,Clear Brown,"Added 2"" of water from R2"
44611,0.056,0.165,180,8.9,31.1,6.4,25.6,26,240 g per ration,3.5,No,21,Clear Brown,1,Clear Brown,
44612,0.056,0.165,190,8.83,31.07,6.3,25.7,25.9,240 g per ration,4,No,24,Clear Brown,1,Clear Brown,
44613,0.056,0.165,200,8.87,30.99,6.4,25.8,25.9,270 g per ration,3.5,No,24,Clear Brown,1,Clear Brown,"Added 2"" of water from R2"
44614,0.056,0.165,200,9.03,31,6.5,25.6,25.6,260 g per ration,2,No,26,Clear Brown,1,Clear Brown,
44615,0.056,0.165,200,8.97,30.77,6.6,25.4,,260 g per ration,3,No,27,Clear Brown,1,Clear Brown,
44616,0.056,0.165,200,9.05,30.64,6.4,25.7,,270 g per ration,2,No,27,Clear Brown,1,Clear Brown,
44617,0.056,0.165,200,8.98,30.67,6.5,25.9,26.1,270 g per ration,2.5,No,26.5,Clear Brown,1,Clear Brown,
44618,0.056,0.165,190,8.89,31.02,6.3,26.4,26.3,300 g per ration,3.5,No,26.5,Clear Brown,1,Clear Brown,
44619,0.056,0.165,190,8.93,30.67,6.4,26.3,26.5,320 g per ration,4.5,No,26.5,Clear Brown,1,Clear Brown,
44620,0.056,0.33,210,8.93,30.73,6.3,26.5,,320 g per ration,4.5,No,26.5,Clear Brown,1,Clear Brown,
44621,0.112,0.165,190,9.01,30.69,6.4,26.5,26.4,320 g per ration,5.5,No,26.5,Light Brown,1,Light Brown,"added 2"" of water R2"
44622,0.056,0.165,210,8.92,31.03,6.2,26.2,26.3,340 g per ration,4,No,28,Light Brown,1,Light Brown,
44623,0.28,0.165,200,8.67,31,6.2,26.2,26.1,360 g per ration,5.5,No,28,Light Brown,1,Light Brown,
44624,0.28,0.165,200,8.89,30.64,6.3,26.4,26.4,360 g per ration,6,No,28,Light Brown,1,Light Brown,"added 3"" of water R2"
44625,0.112,0.165,180,8.98,30.83,6.3,26,26.2,360 g per ration,4,No,31.5,Light Brown,1,Light Brown,
44626,0.056,0.165,200,8.84,30.85,6.3,26.3,,360 g per ration,5,No,31.5,Light Brown,1,Light Brown,
44627,0.112,0.165,190,8.93,30.69,6.3,26.6,26.7,400 g per ration,6,No,31.5,Light Brown,1,Light Brown,
44628,0.056,0.165,170,8.94,30.73,6.2,26.8,27,400 g per ration,6,Yes,30.5,Light Brown,1,Light Brown,
44629,0.056,0.165,200,8.93,30.94,6.2,27.1,,400 g per ration,6,Yes,30.5,Light Brown,1,Light Brown,
44630,0.112,0.165,210,8.98,30.94,6.2,27.2,27.3,390 g per ration,6.5,No,30.5,Light Brown,1,Light Brown,"added 3"" of water R2"
44631,0.112,0.165,180,8.82,30.9,6,27.1,27.4,390 g per ration,6.5,No,33,Light Brown,1,Light Brown,
44632,0.056,0.165,190,8.93,30.94,6,27.4,27.3,410 g per ration,6,Yes,32.5,Light Brown,1,Light Brown,
44633,0.056,0.165,200,9.07,30.99,6.3,27.1,27.1,410 g per ration,3.5,No,32,Light Brown,1,Light Brown,
44634,0.056,0.165,190,-,30.56,6.4,26.9,,410 g per ration,4.5,No,32,Light Brown,1,Light Brown,
44635,0.056,0.165,210,,30.83,6.3,26.9,,420 g per ration,4,No,32,Light Brown,1,Light Brown,
44636,0.056,0.165,210,,30.52,6.4,27.1,,420 g per ration,5,No,32,Light Brown,1,Light Brown,
44637,0.056,0.165,190,8.22,30.62,6.1,27.2,27.4,420 g per ration,5.5,No,33,Light Brown,1,Light Brown,
44638,0.056,0.165,205,8.23,30.97,6,27.4,27.5,400 g per ration,6,No,32,Light Brown,1,Light Brown,
44639,0.056,0.165,200,8.36,30.94,6.4,27.6,27.6,400 g per ration,4,Yes,32,Light Brown,1,Light Brown,
44640,0.056,0.165,190,8.44,30.99,6.1,27.8,,400 g per ration,5,No,31.5,Light Brown,1,Light Brown,
44641,0.056,0.33,190,8.45,31.07,6,27.5,27.5,400 g per ration,5.5,No,31.5,Light Brown,1,Light Brown,
44642,0.056,0.33,200,8.42,30.93,6,27.3,27.1,410 g per ration,6,No,31.5,Light Brown,1,Light Brown,
44643,0.056,0.33,180,8.39,31.02,6.1,27.2,,410 g per ration,5.5,Yes,30.5,Light Brown,1,Light Brown,ph not calibrated
44644,0.056,0.33,200,10.16,30.99,6.1,27.4,27.4,360 g per ration,5,yes,30.5,Light Brown,1,Light Brown,ph not calibrated
44645,0.056,0.33,200,10,31.24,6.2,27.4,27.2,340 g per ration,5.5,yes,30.5,Light Brown,1,Light Brown,"added 3"" of water R2"
44646,0.056,0.33,200,8.48,31.26,6.2,26.9,26.8,340 g per ration,5,Yes,33,Light Brown,1,Light Brown,
44647,0.056,0.33,200,8.5,30.96,6.4,26.5,,340 g per ration,6,No,33,Light Brown,1,Light Brown,
44648,0.056,0.33,180,8.48,31.25,6.3,26.2,,340 g per ration,5.5,no,33,Light Brown,1,Light Brown,
44649,0.056,0.165,200,8.5,31.2,6.3,26.2,26.3,340 g per ration,5,no,33,Light Brown,1,Light Brown,
44650,0.056,0.165,190,8.56,31.24,6.3,26.3,26.3,340 g per ration,5.5,no,33,Light Brown,1,Light Brown,
44651,0.056,0.165,210,8.59,31.33,6.2,26.3,,340 g per ration,4,no,33,Light Brown,1,Light Brown,
44652,0.056,0.33,200,8.61,31.45,6.2,26.3,26.8,300 g per ration,4,No,31,Light Brown,1,Light Brown,
44653,0.056,0.33,190,8.6,31.39,6.2,26.3,26.1,280 g per ration,5,No,31,Light Brown,1,Light Brown,"Added 2"" of water from R2"
44654,0.056,0.165,190,8.58,31.46,6.2,26.3,26.2,280 g per ration,4,No,33,Light Brown,1,Light Brown,
44655,0.056,0.33,210,8.52,31.28,6.2,26.6,26.6,280 g per ration,4.5,No,33,Light Brown,1,Light Brown,
44656,0.056,0.33,180,8.54,31.05,6.4,26.8,26.9,290 g per ration,4,No,33,Light Brown,1,Light Brown,
44657,0.056,0.33,180,8.65,31.43,6.4,26.9,,290 g per ration,4.5,No,33,Light Brown,1,Light Brown,
44658,0.056,0.33,220,8.66,31.19,6.2,27.1,27.2,290 g per ration,4.5,No,33,Light Brown,1,Light Brown,
44659,0.056,0.33,220,8.63,31.28,6.2,27,26.8,280 g per ration,4,No,33,Light Brown,1,Light Brown,
44660,0.056,0.33,200,8.6,31.37,6.2,26.5,26.2,280 g per ration,5 (F),No,33,Light Brown,1,Light Brown,
44661,0.056,0.33,190,8.65,31.34,6.4,26.1,,280 g per ration,6.5 (F),No,33,Light Brown,1,Light Brown,
44662,0.056,0.165,180,8.67,31.58,6.3,26,26.2,280 g per ration,4,No,33,Light Brown,1,Light Brown,
44663,0.056,0.33,210,26.1,31.64,6.4,26.1,,280 g per ration,5.5 (F),No,33,Light Brown,1,Light Brown,
44664,0.056,0.33,200,8.72,31.65,6.4,26.1,,280 g per ration,5,No,33,Light Brown,1,Light Brown,
44665,0.056,0.33,190,8.78,31.63,6.4,26.1,26.2,280 g per ration,5,No,33,Light Brown,1,Light Brown,
44666,0.056,0.33,200,8.73,31.22,6.5,26.4,26.5,280 g per ration,5.5 (F),No,33,Light Brown,1,Light Brown,
44667,0.056,0.33,190,8.7,31.5,6.3,26.5,26.5,280 g per ration,5.5,No,33,Light Brown,1,Light Brown,"Added 2"" of water from R2"
44668,0.056,0.33,200,8.75,31.69,6.2,26.7,,280 g per ration,6 (f),No,35,Light Brown,1,Light Brown,
44669,0.056,0.165,200,9.6,31.48,6.2,27,27,280 g per ration,6 (F),No,35,Light Brown,1,Light Brown,
44670,0.056,0.165,170,9.64,31.44,6.2,26.9,,280 g per ration,6.5 (F),No,35,Light Brown,1,Light Brown,
44671,0.056,0.165,170,8.9,31.45,6.3,26.8,,280 g per ration,4.5,No,35,Light Brown,1,Light Brown,
44672,0.056,0.165,200,8.87,,6.3,26.6,26.6,280 g per ration,4.5 (F),no,32,Light Brown,1,Light Brown,
44673,0.056,0.165,200,8.84,31.16,6.5,26.4,26.3,280 g per ration,5.5 (F),No,32,Light Brown,1,Light Brown,
44675,0.056,0.165,180,8.89,31.66,6.5,26.2,,200 g per ration,2.5,yes,30,Light Brown,1,Light Brown,
44676,1.12,0.165,180,8.99,31.47,6.5,26.2,,200 g per ration,3 (F),no,30,Light Brown,1,Light Brown,
44677,0.056,0.165,220,9.02,31.48,6.5,25.9,,200 g per ration,2,no,30,Light Brown,1,Light Brown,
44678,0.056,0.165,190,8.98,31.53,6.5,26,,240 g per ration,3 (F),no,30.5,Light Brown,1,Light Brown,
44679,0.056,0.165,220,8.97,31.45,6.5,26,,240 g per ration,3 (F),No,30.5,Light Brown,1,Light Brown,
44680,0.056,0.165,200,8.96,31.56,6.4,26.1,,240 g per ration,3 (f),no,30.5,Light Brown,1,Light Brown,
44681,0.056,0.165,190,9.06,31.54,6.4,26.2,,240 g per ration,3,no,30.5,Light Brown,1,Light Brown,
44682,0.056,0.165,210,9.04,31.62,6.4,26.3,,240 g per ration,4 (F),No,30.5,Light Brown,1.5,Light Brown,
44683,0.056,0.165,190,9.01,31.75,6.4,26.4,,240 g per ration,4.5,No,30.5,Light Brown,1.5,Light Brown,
44684,0.056,0.165,200,8.85,31.54,6.3,26.2,26.3,240 g per ration,3,No,33,Light Brown,1.5,Light Brown,
44685,0.056,0.165,210,9.1,31.45,6.4,26.8,,240 g per ration,4,No,33,Light Brown,1.5,Light Brown,
44686,0.056,0.165,200,8.85,31.35,6.5,26.6,26.8,230 g per ration,4,Yes,33,Light Brown,1.5,Light Brown,
44687,0.056,0.165,190,8.87,31.33,6.5,26.5,26.5,180 g per ration,3.5,Yes,33,Light Brown,1.5,Light Brown,
44688,0.056,0.165,210,9.03,31.83,6.3,26.9,,180 g per ration,3,No,33,Light Brown,1.5,Light Brown,
44689,0.056,0.165,200,8.99,31.85,6.3,26.5,,160 g per ration,2.5,No,33,Light Brown,1.5,Light Brown,
44690,0.056,0.165,190,8.88,31.55,6.5,26.8,,160 g per ration,3.5,No,33,Light Brown,1.5,Light Brown,
44691,0.056,0.165,200,-,31.45,6.5,26.7,,160 g per ration,3.5,No,33,Light Brown,1.5,Light Brown,
44692,0.112,0.165,180,8.89,31.53,6.6,26.2,,170 g per ration,3,No,33,Light Brown,1.5,Light Brown,
44693,0.056,0.165,200,8.76,32.03,6.5,25.8,,170 g per ration,2,No,33,Light Brown,1.5,Light Brown,
44694,0.056,0.165,190,8.69,32.09,6.4,25.9,,170 g per ration,2,No,33,Light Brown,1.5,Light Brown,
44695,0.056,0.165,180,8.83,32,6.5,25.6,,190 g per ration,2,Yes,33,Light Brown,1,Light Brown,
44696,0.056,0.165,190,8.8,32.03,6.5,25.6,,190 g per ration,2,Yes,33,Light Brown,1,Light Brown,
44697,0.056,0.33,200,8.98,32.02,6.4,26.2,,100 g per ration,2.5,No,26.5,Light Brown,1,Light Brown,selected 600 shrimps
44698,0.056,0.165,220,8.79,31.7,6.7,26.4,,100 g per ration,2.5,No,26.5,Light Brown,1,Light Brown,
44699,0.056,0.165,210,8.99,31.67,6.5,26.8,,100 g per ration,2.5,No,29,Light Brown,1,Light Brown,
44700,0.056,0.165,210,9.04,31.88,6.4,26.8,,100 g per ration,2.5,Yes,29,Light Brown,1,Light Brown,
44701,0.28,0.165,210,9,31.86,6.4,26.6,,130g per ration,2.5,Yes,29,Light Brown,1,Light Brown,
44702,0.28,0.165,180,10.45,31.79,6.5,26.6,,130g per ration,1.5,No,35,Light Brown,1,Light Brown,ph not calibrated
44703,0.28,0.165,200,10.62,31.58,6.6,26.8,,130g per ration,1,No,35,Light Brown,1,Light Brown,ph not calibrated
44704,0.28,0.165,190,10.23,31.54,6.4,26.9,,130g per ration,2,No,34,Light Brown,1,Light Brown,ph not calibrated
44705,0.112,0.165,180,10.35,31.8,6.4,27,,130g per ration,2,No,34,Light Brown,1,Light Brown,ph not calibrated
44706,0.112,0.165,210,10.25,32.03,6.3,27.1,,132g per ration,2,No,34,Light Brown,1,Light Brown,ph not calibrated
44707,0.112,0.33,190,10.23,31.62,6.3,27.6,,132 g per ration,1.25,No,34,Light Brown,1,Light Brown,ph not calibrated
44708,0.25,0.33,200,10.01,31.72,6.3,27.8,,132 g per ration,3,No,34,Light Brown,1,Light Brown,ph not calibrated
44709,0.25,0.33,190,9.98,32.04,6.2,27.9,,170 g per ration,2,no,34,Light Brown,1,Light Brown,
44710,0.25,0.33,200,9.92,31.76,6.3,28.2,,170 g per ration,2.5,no,34,Light Brown,1,Light Brown,
44711,0.25,0.33,200,9.87,31.74,6.2,28.2,,170 g per ration,2.5,yes,34,Light Brown,1,Light Brown,
44712,0.25,0.33,180,9.84,31.95,6.3,27.3,,210 g per ration,1.5,yes,34,Light Brown,1,Light Brown,
44715,0.25,0.165,190,10.3,31.19,6.3,26.5,,150g per ration,2,No,15,White,0.5,Light Brown,
44716,0.25,0.165,200,10.3,31.3,6.2,26.8,,150g per ration,1.5,No,15,White,0.5,Light Brown,"added 3"" of water from r2"
44717,0.25,0.165,200,11.87,31.23,6.3,26.8,,150g per ration,1.5,No,17,White,0.5,Light Brown,
44718,0.25,0.165,190,11.86,31.21,6.3,26.9,27,150g per ration,2,No,19,White,0.5,Light Brown,
44719,0.5,0.165,190,10.57,31.14,6.2,27.5,,180g per ration,1,No,19,White,0.5,Light Brown,
44720,0.5,0.165,190,10.56,31.16,6.1,28.2,28,200g per ration,1.5,No,19,White,0.5,Light Brown,"added 3"" of water from r2"
44721,0.25,0.165,200,10.45,31.22,6.1,27.9,28.5,200g per ration,2,No,22,White,0.5,Light Brown,
44722,0.056,0.165,180,10.45,31.22,6,28.4,28.6,200g per ration,1.5,No,22,White,0.5,Light Brown,
44723,0.056,0.165,180,10.2,31.27,6,28.5,28.5,240g per ration,2,No,22,White,0.5,Light Brown,"added 2"" of water from R2"
44724,0.056,0.165,190,10.19,31.24,6,28.6,28.7,240g per ration,2,No,24,White,0.5,Light Brown,
44725,0.056,0.165,190,8.68,30.97,6.1,28.8,28.8,240g per ration,2,No,24,White,0.5,Light Brown,
44726,0.056,0.165,180,8.75,32.23,6,29.2,,240g per ration,1.5,No,24,white,0.05,Light Brown,
44727,0.056,0.165,220,8.85,31.24,5.9,6,29.4,260g per ration,1.5,No,24,White,0.5,Light Brown,
44728,0.056,0.165,180,8.92,30.01,6.1,29.4,29.4,260g per ration,2,No,24,White,0.5,Light Brown,
44729,0.056,0.165,190,8.9,31.3,5.8,29.7,,270g per ration,3,No,24,White,0.5,Light Brown,"added 3"" of water from r2"
44730,0.056,0.165,180,8.76,31.06,5.9,29.6,29.8,270g per ration,2,No,27,White,0.5,Light Brown,
44731,0.056,0.165,180,8.83,30.91,6.1,29.7,,300g per ration,3,No,27,White,0.5,Light Brown,"added 3"" of water from R2"
44732,0.056,0.165,200,8.79,30.96,6.1,29.7,,300g per ration,3.5,No,30,White,0.5,Light Brown,
44733,0.056,0.165,210,8.79,31.26,6,29.1,,300g per ration,1.5,No,30,White,0.5,Light Brown,
44734,0.056,0.165,190,8.87,31.07,6,29.4,,300g per ration,2.5,No,30,White,0.5,Light Brown,
44735,0.056,0.165,200,8.93,30.98,6.1,28.4,,300g per ration,1,No,30,White,0.5,Light Brown,
44736,0.056,0.33,190,8.78,31.44,5.9,28.7,,350g per ration,1.5,No,30,White,0.5,Light Brown,
44737,0.056,0.33,180,8.69,31.44,5.8,28.9,,,1.5,No,30,White,0.5,Light Brown,
44738,0.056,0.33,200,8.69,30.1,6.1,29.2,,400g per ration,2,No,30,White,0.5,Light Brown,
44739,0.056,0.165,180,8.7,30.25,6.1,29.3,,430g per ration,2,No,30,White,0.5,Light Brown,
44740,0.056,0.165,200,8.66,31.21,5.9,29.5,,,2.5,No,30,White,0.5,Light Brown,
44743,0.056,0.165,180,8.49,31.27,5.9,29.6,29.7,520g per ration,4.5,No,29.5,Light Brown,1,Light Brown,
44744,0.056,0.165,200,8.5,31.29,5.9,29.6,,520g per ration,5.5,No,29.5,Light Brown,1,Light Brown,
44745,0.056,0.165,190,8.55,31.31,5.9,29.6,,550g per ration,6,Yes,29.5,Light Brown,1,Light Brown,
44746,0.056,0.165,190,8.58,31.4,5.9,29.6,29.9,550g per ration,5,Yes,28.5,Light Brown,1,Light Brown,"Added 2"" of water from R2"
44747,1.12,0.66,170,8.63,31.47,5.9,29.6,29.9,600g per ration,4.5,No,30.5,Light Brown,1,Light Brown,
44748,0.28,0.66,180,8.66,31.52,5.8,29.7,30,600g per ration,3.5,No,30.5,Light Brown,1,Light Brown,
44749,0.28,0.66,190,8.69,31.4,5.8,29.8,30,595g per ration,3,No,30.5,Light Brown,1,Light Brown,
44750,1.12,0.66,195,8.72,31.51,5.8,29.8,30,590g per ration,3,No,30,Light Brown,1,Light Brown,
44751,0.56,0.33,210,8.66,31.6,5.8,29.3,29.8,600g per ration,3.5,No,30,Light Brown,1,Light Brown,
44752,0.56,0.165,200,8.52,31.53,5.8,29.8,30,600g per ration,3,No,33,Light Brown,1,Light Brown,"Added 3""plus 2""  of water from R2"
44753,0.056,0.33,190,8.39,31.4,5.6,30,30.2,600g per ration,2.5,No,35,Light Brown,1,Light Brown,
44754,0.056,0.33,190,8.39,31.4,5.6,30,30.1,610g per ration,,,,,,,
44755,0.056,0.33,180,8.42,30,5.6,30,30,610g per ration,4.5,no,35,Light Brown,1,Light Brown,
44756,0.056,0.33,200,8.54,31.73,5.6,29.9,30.2,630g per ration,6,no,34.5,Light Brown,1,Light Brown,transfered water to n5 & N6  and added from R2
44757,0.056,0.33,180,8.44,31.78,5.7,30,30,650g per raton,8,no,34.5,Light Brown,1,Light Brown,"Added 3""plus 2""  of water from R2"
44758,0.056,0.33,190,8.47,31.62,5.6,30,30.2,550g per ration,5,yes,35.5,Light Brown,1,Light Brown,
44759,0.056,0.33,210,8.49,31.52,5.6,29.8,30,550g per ration,5,yes,35.5,Light Brown,1,Light Brown,
44760,0.056,0.33,200,8.49,31.47,5.6,29.9,29.9,550g per ration,4,yes,35,Light Brown,1,Light Brown,
44761,0.056,0.33,200,8.48,31.66,5.7,29.6,29.8,550g per ration,3,yes,35,Light Brown,1,Light Brown,
44762,0.056,0.165,180,8.51,31.7,5.7,29.4,29.6,600g per ration,2,yes,35,Light Brown,1,Light Brown,
44763,0.56,0.66,180,8.59,31.74,5.5,29.8,30,600g per ration,2,no,36,Light Brown,1,Light Brown,
44764,0.56,0.66,190,8.44,31.66,5.4,29.8,30,350g per ration,0.5,no,35.5,Light Brown,1,Light Brown,
44765,1.12,0.66,170,8.3,31.09,5.8,29.6,29.8,280g per ration,0.75,no,35,Light Brown,1,Light Brown,
44766,0.056,0.33,180,8.45,31.21,5.8,29.4,29.6,280g per ration,0.75,no,35,Light Brown,1,Light Brown,
44767,2.24,0.99,190,8.48,31.17,5.9,29.4,29.3,280g per ration,0.5,no,34,Light Brown,1,Light Brown,
44768,0.056,0.165,180,8.81,31.72,5.9,29.8,29.9,300g per ration,0.5,no,34,Light Brown,1,Light Brown,
44769,0.056,0.66,190,8.82,31.7,6,29.8,30,300g per ration,1.5,No,34,Light Brown,1,Light Brown,
44770,0.28,0.66,180,8.79,31.71,5.9,29.8,29.9,340g per ration,2,No,34,Light Brown,1,Light Brown,
44771,0.28,0.66,190,8.74,31.53,5.9,29.9,30,340g per ration,1,No,34,Light Brown,1,Light Brown,
44772,0.056,0.33,180,8.8,31.71,6,29.6,29.8,370g per ration,1,No,34,Light Brown,1,Light Brown,
44773,0.056,0.33,220,8.78,31.8,6,29.4,29.6,400g per ration,1.5,no,34,Light Brown,1,Light Brown,
44774,0.056,0.33,210,8.7,31.87,5.9,29.3,"29,4",420g per ration,3,no,34,light brown,1,medium brown,
44775,0.056,0.33,200,8.64,31.89,5.9,29.2,29.4,420g per ration,1.5,no,34,light brown,1,medium brown,
44776,0.056,0.33,200,8.71,31.92,5.8,29.2,29.3,200g per ration,2.5,yes,33.5,light brown,1,medium brown,
44777,0.112,0.33,190,8.91,31.95,5.9,29.2,29.4,200g per ration,2.5,yes,32,light brown,1,medium brown,selected
44778,0.056,0.33,190,8.79,31.86,6.1,29.4,29.6,200g per ration,0.5,yes,32,light brown,1,medium brown,
44779,0.056,0.33,200,8.9,31.92,6,29.7,29.7,200g per ration,0.5,no,32,light brown,1,medium brown,
44780,0.056,0.33,190,8.87,31.91,6,29.6,29.6,220g per ration,1,no,33,light brown,1,medium brown,
44781,0.056,0.33,180,8.92,31.88,6.1,29.3,29.3,220g per ration,0.75,no,33,light brown,1,medium brown,
44782,0.112,0.66,190,8.96,31.98,6.1,29.2,29.4,220g per ration,0.75,no,33,light brown,1,medium brown,
44783,0.056,0.33,190,8.95,31.92,6.1,29.4,29.6,220g per ration,1,no,33,light brown,1,medium brown,
44784,0.056,0.33,210,8.99,31.52,6,31.52,30,220g per ration,1,no,33,light brown,1,medium brown,
44785,0.056,0.33,210,8.9,31.87,6,29.7,29.8,220g per ration,1.5,no,33,light brown,1,medium brown,
44786,0.056,0.33,210,8.91,32.01,5.9,28.8,29,220g per ration,1.5,no,33,light brown,1,medium brown,
44787,0.056,0.33,200,8.93,32.06,5.8,28.9,29.2,220g per ration,1.5,no,33,light brown,1,medium brown,
44788,0.056,0.66,190,8.95,32.02,5.9,29,29,220g per ration,1.5,no,33,light brown,1,medium brown,
44789,0.056,0.33,200,8.79,32,5.9,30.2,30.2,220g per ration,2,no,33,light brown,1,medium brown,
44790,0.056,0.33,190,8.88,31.77,6.1,30.1,30.3,160g per ration,2.5,yes,33,light brown,1,medium brown,
44791,0.112,0.165,190,8.69,31.66,6.1,29,,160g per ration,2,yes,32.5,light brown,1,medium brown,closed tank.
44793,0.112,0.33,190,9.02,31.52,5.7,27.6,,240g per ration,5,no,17,white,0.5,light brown,
44794,0.112,0.165,200,9.03,31.61,5.7,27.5,,240g per ration,5.5,no,16.5,white,0.5,light brown,
44795,0.056,0.33,200,9.04,31.72,5.7,27.9,,240g per ration,5,no,16.5,white,0.5,light brown,
44796,0.056,0.33,200,8.74,31.72,5.7,29,,240g per ration,5,no,16.5,white,0.5,light brown,
44797,0.056,0.165,180,8.84,32.84,6,28.4,28.4,300g per ration,6,no,18,white,0.5,light brown,added 2' from R2
44798,0.056,0.165,200,8.83,31.81,5.8,28.1,28.3,320g per ration,5.5,no,16.5,white,0.5,light brown,
44799,0.056,0.165,180,8.79,31.76,5.7,28.1,28.1,320g per ration,4.5,no,19,white,0.5,light brown,added fromR2
44800,0.112,0.33,200,8.77,31.94,5.6,28,28.1,320g per ration,4,no,19,white,0.5,light brown,
44801,0.056,0.165,200,8.71,31.9,5.7,28,28.2,320g per ration,4,no,19,white,0.5,light brown,
44802,0.056,0.33,170,8.71,31.96,5.8,28,28.8,320g per ration,4.5,no,19,white,0.5,light brown,
44803,0.112,0.66,200,8.73,31.05,5.4,29.1,29.3,410g per ration,4.5,no,19,white,0.5,light brown,
44804,0.056,0.33,210,8.7,32.06,5.3,29.6,29.4,410g per ration,5,no,19,white,0.5,light brown,
44805,0.056,0.33,200,8.68,31.82,5.5,28.9,29,410g per ration,4,No,19,White,0.5,Light Brown,
44806,0.056,0.33,190,8.7,31.88,5.6,28.9,29,410g per ration,4,No,19,White,0.5,Light Brown,
44807,0.056,0.33,170,8.85,32.99,5.8,28.6,28.9,310g per ration,4,No,19,White,0.5,Light Brown,
44808,0.056,0.66,170,8.84,32.88,5.9,28.6,28.8,340g per raton,4.5,No,19,White,0.5,Light Brown,
44809,0.056,0.165,170,9.08,32.86,5.9,28.7,29.2,340g per raton,4.5,No,19,White,0.5,Light Brown,
44810,0.056,0.33,210,8.98,31.98,5.9,29,29.1,340g per raton,4.5,No,19,White,0.5,Light Brown,
44811,0.056,0.165,210,8.91,32.01,5.8,29,29,340g per raton,5.5,No,27,White,0.5,Light Brown,added from R2
44812,0.056,0.165,210,8.91,32.05,6,29,29.1,370g per ration,5.5,No,27,White,0.5,Light Brown,
44813,0.056,0.33,180,8.83,31.12,5.8,28.1,28,370g per ration,5.5,No,27,White,0.5,Light Brown,
44814,0.056,0.165,180,8.85,32.02,5.9,28.6,28.5,370g per ration,4,No,30,White,0.5,Light Brown,"added  3""  from R2"
44815,0.056,0.165,210,8.86,31.92,5.9,28.6,28.6,400g per ration,4.5,No,30,White,0.5,Light Brown,
44816,0.056,165,200,8.89,32,5.9,28.6,28.3,400g per ration,5,No,30,White,0.5,Light Brown,
44817,0.056,0.33,200,8.91,32.14,5.9,28,28,400g per ration,5,No,30,White,0.5,Light Brown,
44818,0.056,0.165,200,9.01,32.18,6,27.8,27.8,430g per ration,4,No,25.5,White,0.5,Light Brown,
44819,0.056,0.165,180,9.02,32.25,6,27.9,28,430g per ration,4.5,No,25.5,White,0.5,Light Brown,
44820,0.056,0.165,200,8.84,31.93,5.9,28.4,28.4,450g per ration,3.5,no,25,White,0.5,Light Brown,
44821,0.056,0.33,180,8.79,31.85,6.2,28.2,28.1,480g per ration,4.5,No,28,White,0.5,Light Brown,added water from r2
44822,0.056,0.33,200,8.88,32.2,5.8,27.5,27.6,480g per ration,5,No,28,White,0.5,Light Brown,
44823,0.056,0.33,200,8.85,32.28,5.8,27.6,27.6,480g per ration,5,No,28,White,0.5,Light Brown,
44824,0.056,0.33,200,8.85,32.28,5.8,27.3,27.6,520g per ration,5,No,28,White,0.5,Light Brown,
44825,0.056,0.165,200,8.64,31.92,6.1,27.8,27.9,520g per ration,5,No,28,White,0.5,Light Brown,
44826,0.056,0.33,190,8.65,31.93,6,28.1,28,520g per ration,5,Yes,28,White,0.5,Light Brown,
44827,0.056,0.165,180,8.9,32.11,5.8,28.4,28.3,400g per ration,5,Yes,28,White,0.5,Light Brown,split tank to Rw2
44828,0.056,0.66,180,8.96,31.72,6.1,28.5,28.5,140,1.5,no,16,no foam,0,light brown,added water from R2
44829,0.056,0.66,190,8.89,32.05,6,28.5,28.7,140,2,no,19,no foam,0,light brown,"Added 3"" of water from R2"
44830,0.056,0.33,190,8.88,32,6,28.6,29,160,3,No,19,White,0.5,Light Brown,
44831,0.056,0.33,200,8.92,31.97,6,29,28.7,160,2,No,19,White,0.5,Light Brown,added water from R2
44832,0.056,0.33,180,8.93,31.9,6,28.8,28.8,70g per ration,1.5,no,18,White,0.5,Light Brown,
44833,0.056,0.33,200,9.14,31.87,6.1,28.7,28.5,100,2,no,18,White,0.5,Light Brown,
44834,0.056,0.33,190,9.12,31.75,6.3,28.3,28.3,100,1.5,no,18,White,0.5,Light Brown,
44835,0.056,0.165,180,8.98,31.08,6.1,28.3,,100,2,No,18,White,0.5,Light Brown,
44836,0.056,0.165,200,9,31.02,6.1,28.4,28.6,160g,2.5,No,18,White,0.5,Light Brown,
44837,0.056,0.33,180,8.99,31.16,6.1,28.6,28.8,160g,3,No,18,White,0.5,Light Brown,
44838,0.056,0.165,200,8.96,31.9,6.2,28.7,28.8,200,1.5,No,18,White,0.5,Light Brown,
44839,0.056,0.165,190,8.97,31.94,6.1,28.6,28.5,250,1.5,No,18,White,0.5,Light Brown,
44840,0.056,0.165,190,8.77,31.89,6.1,28.58,28.5,250,1.5,No,18,White,0.5,Light Brown,
44841,0.056,0.33,200,8.84,32.08,6.1,28,28,280,2.5,No,18,White,0.5,Light Brown,
44842,0.056,0.165,210,8.91,32.11,6.1,27.7,27.7,280,2,No,18,White,0.5,Light Brown,Added water from R2
44843,0.056,0.33,200,8.9,32.18,6.1,27.9,28.1,280,2.5,No,22,White,0.5,Light Brown,
44844,0.056,0.165,190,8.81,32.08,6.1,28,28.1,280,3,No,22,White,0.5,Light Brown,
44845,0.056,0.33,210,8.74,32.21,6,27.9,28.2,350,3,No,22,White,0.5,Light Brown,
44846,0.056,0.33,200,8.77,31.99,6,28.3,28.5,350,4,No,22,White,0.5,Light Brown,
44847,0.56,0.33,180,8.76,32.03,6,28.5,28.5,380,4.5,No,22,White,0.5,Light Brown,
44848,0.056,0.33,180,8.83,32.13,6,28.5,28.4,390,4.5,No,22,White,0.5,Light Brown,
44849,0.056,0.165,180,8.74,32.12,5.9,28.4,28.3,390,2.5,No,22,White,0.5,Light Brown,
44850,0.056,0.165,180,8.69,32.07,6,28.6,28.4,390,3.5,No,22,White,0.5,Light Brown,
44851,0.056,0.33,190,8.7,31.98,6,28.6,28.5,410,4,No,22,White,0.5,Light Brown,
44852,0.056,0.165,220,8.64,32.22,5.8,28.5,28.5,410,4.5,No,26.5,White,0.5,Light Brown,
44853,0.056,0.165,210,8.64,32.01,6.1,28.5,28.3,530,4.5,No,26.5,White,0.5,Light Brown,
44854,0.056,0.165,180,8.56,32.01,5.9,28.2,28.3,530,4.5,No,26.5,White,0.5,Light Brown,
44855,0.056,0.33,200,8.56,32.01,6,28.1,28,530,5.5,No,26.5,White,0.5,Light Brown,"added 4"" from R2"
44856,0.112,0.33,200,8.56,32.04,5.9,27.5,27.3,540,4,No,30.5,White,0.5,Light Brown,
44857,0.056,0.165,200,8.56,32,5.9,27.6,27.8,540,5,No,30.5,White,0.5,Light Brown,
44858,0.056,0.33,180,8.59,32.06,5.9,27.8,28.1,550,5,yes,30.5,White,0.5,Light Brown,
44859,0.056,0.33,200,8.64,30.5,5.7,28.1,28,550,3.5,yes,30.5,White,0.5,Light Brown,
44860,0.056,0.33,180,8.64,32.15,5.8,28.3,28.3,550,3.5,no,30.5,White,0.5,Light Brown,
44861,0.056,0.33,190,8.65,31.95,5.9,28.4,28.6,550,3.5,No,30.5,White,0.5,Light Brown,
44862,0.112,0.33,190,8.66,32.18,5.9,28.6,28.6,500,4,no,30.5,White,0.5,Light Brown,
44863,0.056,0.33,200,8.67,32.22,5.9,28.6,28.7,520,4,No,30.5,White,0.5,Light Brown,
44864,0.056,0.165,190,8.66,32.08,6,28.7,28.8,560,4.5,No,30.5,White,0.5,Light Brown,
44865,0.056,0.65,200,8.68,32,5.9,28.7,28.9,580,5,No,30.5,White,0.5,Light Brown,
44866,0.056,0.165,200,8.55,32.16,5.8,28.9,29,600,5,No,29,White,1,Light Brown,
44867,0.112,0.33,190,8.55,32.04,5.7,29.1,29,620,4.5,No,29,White,1,Light Brown,
44868,0.112,0.33,170,8.53,31.99,5.8,29.1,29.2,630,5,No,29,White,1,Light Brown,
44869,0.056,0.165,180,8.67,31.87,5.9,29.2,29.2,600,4.5,No,29,White,1,Light Brown,
44870,0.056,0.165,200,8.62,32.31,5.7,29.1,29,600,5,No,29,White,1,Light Brown,"added 2"" from R2"
44871,0.056,0.165,160,8.66,32.11,5.9,29.2,29.2,600,6,No,31,White,1,Light Brown,
44872,0.056,0.165,190,8.68,31.99,5.9,29.2,29.1,600,5,Yes,30,White,1,Light Brown,
44873,0.056,0.33,210,8.61,32.24,5.6,29.1,29.4,300,5,Yes,30,White,1,Light Brown,
44874,0.056,0.165,200,8.64,32.09,5.9,29,29.4,240,4.5,Yes,30,White,1,Light Brown,
44875,0.056,0.165,210,8.7,32.03,5.9,28.8,28.5,290,3.5,Yes,30,White,1,Light Brown,
44876,0.056,0.165,180,9.97,32.27,6.1,28.6,28.4,290,3.5,no,30,White,1,Light Brown,
44877,0.056,0.33,200,9.97,32.33,6.1,28.4,28,450,4,no,30,White,1,Light Brown,
44878,0.056,0.165,180,9.98,32.38,6.1,28.4,28.2,500,2.5,no,30,White,1,Light Brown,
44879,0.056,0.33,170,8.78,32.2,6,28.3,28.3,570,4,no,30,White,1,Light Brown,
44880,0.056,0.33,200,9.97,32.53,5.9,28.1,28,570,4.5,no,30,White,1,Light Brown,
44881,0.056,0.33,180,8.82,32.47,6.1,28.1,28.1,700,3,no,30,White,1,Light Brown,
44882,0.056,0.33,180,8.84,32.48,6.1,28,27.9,800,3,no,30,White,1,Light Brown,
44883,0.112,0.33,200,9.98,32.68,5.9,27.4,27.1,800,3,No,30,White,1,Light Brown,
44884,0.112,0.33,200,8.87,32.7,6,27.4,27,280,3,no,28,White,1,Light Brown,
44885,0.056,0.33,200,9.9,32.54,6,26.6,26.9,280,3,No,28,White,1,Light Brown,
44886,0.056,0.33,200,8.87,32.38,6.1,26.6,26.8,270,3,No,28,White,1,Light Brown,
44887,0.056,0.165,200,9.87,32.52,6.2,26.7,26.7,270,2,yes,28,White,1,Light Brown,
44888,0.056,0.33,190,9.99,32.33,6,26.8,26.8,270,1.5,yes,28,White,1,Light Brown,
44889,0.056,0.165,180,9.99,32.61,6.2,26.8,26.9,270,2,No,29,White,1,Light Brown,
44890,0.056,0.165,200,9.98,32.51,6.1,27,27.2,270,3,No,29,White,1,Light Brown,
44891,0.056,0.165,200,9.97,32.37,6.2,27.3,27.5,310,3,No,29,White,1,Light Brown,
44892,0.56,0.33,190,9.98,32.41,6.1,27.5,27.6,350,3,no,29,White,1,Light Brown,
44893,0.28,0.33,210,9.98,32.31,6.1,27.5,27.6,350,3.5,no,29,White,1,Light Brown,
44894,0.056,0.165,180,9.98,32.27,6.2,27.4,27.5,420,3,no,29,White,1,Light Brown,
44895,0.056,0.165,200,9.98,32.46,6.2,27.5,27.4,420,3,No,29,White,1,Light Brown,